"DESCRIPTION","DURATION IN MS","NAME","PARENT SUITE","START TIME","STATUS","STOP TIME","SUB SUITE","SUITE","TEST CLASS","TEST METHOD"
"","4260","Login Test","chromium","2026-09-29","passed","2026-09-29","Practice Sandbox Application Automation Suite","TestScript.spec.ts","",""
"","2098","Notification Message","chromium","2026-09-29","passed","2026-09-29","Practice Sandbox Application Automation Suite","TestScript.spec.ts","",""
"","3242","Dynamic table","chromium","2026-09-29","passed","2026-09-29","Practice Sandbox Application Automation Suite","TestScript.spec.ts","",""
"","2116","Js Confirm","chromium","2026-09-29","passed","2026-09-29","Practice Sandbox Application Automation Suite","TestScript.spec.ts","",""
"","3142","AutoComplete","chromium","2026-09-29","passed","2026-09-29","Practice Sandbox Application Automation Suite","TestScript.spec.ts","",""
"","2807","Mouse Hover","chromium","2026-09-29","passed","2026-09-29","Practice Sandbox Application Automation Suite","TestScript.spec.ts","",""
"","4326","Form Validation","chromium","2026-09-29","passed","2026-09-29","Practice Sandbox Application Automation Suite","TestScript.spec.ts","",""
"","3304","File Upload","chromium","2026-09-29","passed","2026-09-29","Practice Sandbox Application Automation Suite","TestScript.spec.ts","",""
"","2178","Calendar","chromium","2026-09-29","passed","2026-09-29","Practice Sandbox Application Automation Suite","TestScript.spec.ts","",""
"","2881","Checkboxes","chromium","2026-09-29","passed","2026-09-29","Practice Sandbox Application Automation Suite","TestScript.spec.ts","",""
"","2974","File Downloader","chromium","2026-09-29","passed","2026-09-29","Practice Sandbox Application Automation Suite","TestScript.spec.ts","",""
"","2684","Iframe","chromium","2026-09-29","passed","2026-09-29","Practice Sandbox Application Automation Suite","TestScript.spec.ts","",""
"","2948","Multiple Windows","chromium","2026-09-29","passed","2026-09-29","Practice Sandbox Application Automation Suite","TestScript.spec.ts","",""
"","2609","Pagination table","chromium","2026-09-29","passed","2026-09-29","Practice Sandbox Application Automation Suite","TestScript.spec.ts","",""
"","5973","Registration page","chromium","2026-09-29","passed","2026-09-29","Practice Sandbox Application Automation Suite","TestScript.spec.ts","",""
"","2656","Drag and Drop","chromium","2026-09-29","passed","2026-09-29","Practice Sandbox Application Automation Suite","TestScript.spec.ts","",""
"","3593","Radio Buttons","chromium","2026-09-29","passed","2026-09-29","Practice Sandbox Application Automation Suite","TestScript.spec.ts","",""
"","3085","Verify text field interaction inside new tab via POM","chromium","2026-09-29","passed","2026-09-29","Practice Sandbox Application Automation Suite","TestScript.spec.ts","",""
"","2332","Js Prompt","chromium","2026-09-29","passed","2026-09-29","Practice Sandbox Application Automation Suite","TestScript.spec.ts","",""
"","2798","Shadow Dom","chromium","2026-09-29","passed","2026-09-29","Practice Sandbox Application Automation Suite","TestScript.spec.ts","",""
"","5288","Js Alert","chromium","2026-09-29","passed","2026-09-29","Practice Sandbox Application Automation Suite","TestScript.spec.ts","",""
